Column1,Column2.1,Column2.2
101 YISHUN CS,101 YISHUN AVE 5, 760101
106 FOOD ALLIANCE,106 HOUGANG AVE 1, 530106
112 BUKIT MERAH MARKET & FOOD CENTRE,112 JALAN BUKIT MERAH, 160112
115 BUKIT MERAH VIEW MARKET AND HAWKER CENTRE,115 BUKIT MERAH VIEW, 151115
115 FOOD VILLAGE,115 CANBERRA WALK, 750115
116 FOOD FARM,116 BUKIT MERAH VIEW, 151116
121 BREW KOPI BY BEST CAFÉ,121 GEYLANG EAST CENTRAL, 380121
121 RESERVOIR KOPI POINT,121 BEDOK RESERVOIR RD, 470121
123 EATING HOUSE,123 YISHUN ST 11, 760123
123 RESTAURANT,101 PANDAN LOOP, 126904
128 BEDOK FOOD HOUSE,128 BEDOK NORTH ST 2, 460128
128 CHOICES,128 LORONG 1 TOA PAYOH, 310128
150 BUKIT BATOK COFFEESHOP,150 BUKIT BATOK ST 11, 650150
151 COFFEE & TEA,151 SERANGOON NORTH AVE 2, 550151
152A SERANGOON NORTH MARKET,152A SERANGOON NORTH AVE 1, 551152
154 SERANGOON WET MARKET,154 SERANGOON NORTH AVE 1, 550154
154A BUKIT BATOK,154A BUKIT BATOK WEST AVE 8, 651154
156 BUKIT BATOK WET MARKET,156 BUKIT BATOK ST 11, 650156
156 EATING HOUSE,156 YISHUN ST 11, 760156
158 FOOD HOUSE,158 YUNG LOH RD, 610158
168 COFFEESHOP,168 BEDOK SOUTH AVE 3, 460168
18 BREWCOFFEE,18 BEDOK SOUTH RD, 460018
183 FOODCOURT,183 TOA PAYOH CENTRAL, 310183
1868 COFFEE HOUSE,713 CLEMENTI WEST ST, 120713
1ST STOP FOOD JUNCTION,3014 UBI RD1, 408702
203 FOODCOURT,203 TOA PAYOH NORTH, 310203
206 MANAGEMENT FOOD COURT,206 TOA PAYOH NORTH, 310206
21 STREET EATING HOUSE,201 TAMPINES ST 21, 520201
215 AMK COFFEE SHOP,215 ANG MO KIO AVE 1, 560215
226 EATING HOUSE,226F ANG MO KIO AVE 1, 566226
22A HAVELOCK ROAD FOOD CENTRE,22A HAVELOCK RD, 161022
22B HAVELOCK ROAD FOOD CENTRE,22B HAVELOCK RD, 162022
25 BREW COFFEE PTE LTD,25 NEW UPPER CHANGI RD, 460025
252 FOOD COURT,252 JURONG EAST ST 24, 600252
257 BANGKIT COFFEE HOUSE,257 BANGKIT RD, 670257
26 EATING HOUSE,68 GEYLANG BAHRU, 330068
26 FOOD LOFT,26 JALAN MEMBINA, 161026
267 WET MARKET,267 SERANGOON AVE 3, 550267
276 CAFE,276 JURONG WEST ST 25, 640276
301 UBI FOOD HOUSE,301 UBI AVE 1, 400301
3014 FOODLOFT,3014 UBI RD 1, 408702
304 WOODLANDS WET MARKET,304 WOODLANDS ST 31, 730304
328 FOOD HOUSE,328 CLEMENTI AVE 2, 120328
350 UBI COFFEESHOP,350 UBI AVE 1, 400350
378 FOOD HOUSE,378 CLEMENTI AVE 5, 120378
3838 EATING PLACE,269 QUEEN ST, 180269
409 ANG MO KIO MARKET AND FOOD CENTRE,409 ANG MO KIO AVE 10, 560409
418 NATURE PARK,418 BEDOK NORTH AVE 2, 460418
429A CHOA CHU KANG COFFEESHOP,429A CHOA CHU KANG AVE 4, 681429
443 AMK EATING HOUSE,443 ANG MO KIO AVE 10, 560443
446 FNB PTE LTD,446 PASIR RIS DR 6, 510446
46 CTK EATING HOUSE,46 HOLLAND DR, 270046
465 FOOD COURT PTE LTD,465 NORTH BRIDGE RD, 191465
473 COFFEESHOP,473 FERNVALE ST, 790473
476 FOOD LOFT,476 TAMPINES ST 44, 520476
493 WET MARKET,493 JURONG WEST ST 41, 640493
497 JURONG WEST WET MARKET,497 JURONG WEST ST 41, 640497
5 DOVER CRESCENT CS,5 DOVER CRES, 130005
503 FOODCOURT PTE LTD,503 JURONG WEST AVE 1, 640503
504 TAMPINES WET MARKET,504 TAMPINES CENTRAL 1, 520504
50A MARINE TERRACE MARKET,50A MARINE TERRACE, 441050
51 FOOD LOFT,51 HAVELOCK RD, 161051
51 OLD AIRPORT ROAD FOOD CENTRE,51 OLD AIRPORT RD, 390051
515 LUN JI,515 BEDOK NORTH AVE 2, 460515
548 WOODLANDS WET MARKET,548 WOODLANDS DR 44 V, 730548
5G RESTAURANT,108 ANG MO KIO AVE 4, 560108
6 @ HOLLAND,6 HOLLAND CLOSE, 271006
632 YISHUN CS,632 YISHUN ST 61, 760632
681 FRESH MARKET,681 HOUGANG AVE 8, 530681
688 EATING HOUSE,688 WOODLANDS DR, 730688
69 GEYLANG BAHRU MARKET AND FOOD CENTRE,69 GEYLANG BAHRU, 330069
7 STARS (105),105 CANBERRA ST, 750105
7 STARS (210),210 HOUGANG ST 21, 530210
7 STARS (23 HOUGANG),23 HOUGANG AVE 3, 530023
7 STARS (28),28 DOVER CRES, 130028
7 STARS (3014 BEDOK),3014 BEDOK IND PARK E, 489980
7 STARS (312A),312A SUMANG LINK, 821312
7 STARS (338 ANCHORVALE),338 ANCHORVALE CRES, 540338
7 STARS (498 JURONG WEST),498 JURONG WEST ST 41, 640498
7 STARS (693 WOODLANDS),693 WOODLANDS AVE 6, 730693
7 STARS (810 CCK),810 CHOA CHU KANG AVE 7, 680810
7 STARS (85 DAWSON),85 DAWSON RD, 141085
7 STARS COFFEE SHOP,1 YISHUN ST 23, 768441
71 SENG POH ROAD CS,71 SENG POH RD, 160071
717 FOOD LOFT,717 YISHUN ST 71, 760717
721 FOODLOFT,721 ANG MO KIO AVE 8, 560721
724 ANG MO KIO FOOD CENTRE,724 ANG MO KIO AVE 6, 560724
726 WEST COAST MARKET SQUARE,726 CLEMENTI WEST ST 2, 120726
777 EATING HOUSE,630 YISHUN ST 61, 760630
79 CIRCUIT ROAD FOOD CENTRE,79 CIRCUIT RD, 370079
79 TELOK BLANGAH DRIVE MARKET AND FOOD CENTRE,79 TELOK BLANGAH DR, 100079
79A CIRCUIT ROAD FOOD CENTRE,79A CIRCUIT RD, 371079
7TH MILE COFFEE SHOP,18 TOH YI DR, 590018
8 PLUS FOOD HOUSE (8),8 LORONG 7 TOA PAYOH, 310008
8 PLUS FOOD HOUSE (95),95 LORONG 4 TOA PAYOH, 310095
8 PLUS FOOD HOUSE (TPY LOR 7),8 LORONG 7 TOA PAYOH, 310008
80'S CORNER COFFEESHOP,80 MARINE PARADE CENTRAL, 440080
82 TELOK BLANGAH DRIVE MARKET AND FOOD CENTRE,82 TELOK BLANGAH DR, 100082
829 FOOD COURT,829 TAMPINES ST 81, 520829
834 EATING HOUSE,834 WOODLANDS ST 83, 730834
84 MARINE PARADE CENTRAL HAWKER CENTRE,84 MARINE PARADE CENTRAL, 440084
85 FENGSHAN CENTRE,85 BEDOK NORTH ST 4, 460085
86 FOODCOURT,86 WHAMPOA DR, 320086
861 NORTH BRIDGE ROAD MARKET AND FOOD CENTRE,861 NORTH BRIDGE RD, 198783
87 FOOD STREET,87 BEDOK NORTH ST 4, 460087
883 WOODLANDS WET MARKET,883 WOODLANDS ST 82, 730883
89.7 SUPPER CLUB,1016 GEYLANG EAST AVE, 389731
89.7 SUPPER CLUB,5 CHANGI VILLAGE RD, 500005
94 EATING HOUSE,654 YISHUN AVE 4, 760054
AA RESTAURANT,14 TUAS AVE 1, 639499
AB FOOD COURT,3 CHANGI SOUTH AVE 4, 486116
ABC BRICKWORKS FOOD CENTRE,6 JALAN BUKIT MERAH, 150006
ABC EATING HOUSE,201D TAMPINES ST 21, 524201
ABUNDANCE EATING HOUSE,413 BUKIT BATOK WEST AVE 4, 650413
ACES LEAGUE,31 HOLLAND CLOSE, 270031
ACX FOOD COURT (SHIFU COFFEE SHOP),302 UBI AVE 1, 400302
ADAM FOOD CENTRE,2 ADAM RD, 289876
ADMIRALTY WET MARKET,678A WOODLANDS AVE 6, 731678
AH CHIANG PORRIDGE,65 TIONG POH RD, 160065
AIR PASANG COFFEESHOP,374 BUKIT BATOK ST 31, 650374
AISA RESTAURANT,39 TEBAN GARDENS RD, 600039
AL AHAMED BRIYANI HOUSE,326 SERANGOON AVE 3, 550326
AL MUBIN FOOD COURT,418 BEDOK NORTH AVE 2, 460418
AL MUFIZ FOOD CENTRE,632 BUKIT BATOK CENTRAL, 650632
ALBERT CENTRE FOOD CENTRE,270 QUEEN ST, 180270
ALEXANDRA VILLAGE FOOD CENTRE,120 BUKIT MERAH LN 1, 150120
ALIS PRATA PTE LTD,136 BEDOK RESERVOIR RD, 470136
ALJUNIED AVENUE 2 MARKET AND FOOD CENTRE,117 ALJUNIED AVE 2, 380117
ALL FAMILY FOODCOURT,259 PASIR RIS ST 21, 510259
AMK 232 FOODHOUSE,232 ANG MO KIO AVE 3, 560232
AMOY STREET FOOD CENTRE,7 MAXWELL RD, 069111
ANG CHOON HUAT EATING HOUSE,339 ANG MO KIO AVE 1, 560339
ANG MO KIO 628 FOOD CENTRE,628 ANG MO KIO AVE 4, 560628
AUTHENTIC HOUSE OF BRAISED DUCK,4 UPPER ALJUNIED LN, 360004
AUTOBAY KOPI PLACE,1 KAKI BUKIT AVE 6, 417883
AYER RAJAH FOOD CENTRE,503 WEST COAST DR, 120503
AYER RAJAH MARKET,502 WEST COAST DR, 120502
AYZA'S RESTAURANT,508 JURONG WEST ST 52, 640508
BADALING (155),155 BUKIT BATOK ST 11, 650155
BADALING (207),207 BUKIT BATOK ST 21, 650207
BADALING (257),257 BANGKIT RD, 670257
BADALING (416),416 PANDAN GARDENS, 600416
BADALING (449),449 CLEMENTI AVE 3, 120449
BADALING (506),506 BUKIT BATOK ST 52, 650506
BADALING (526),526 JURONG WEST ST 52, 640526
BADALING (573),573 WOODLANDS DR 16, 730573
BADALING (635C),635C SENJA RD, 673635
BADALING (851),851 JURONG WEST ST 81, 640851
BADALING (AMK 347),347 ANG MO KIO AVE 3, 560347
BADALING (AMK 446),446 ANG MO KIO AVE 10, 560446
BADALING (BUKIT BATOK 233),233 BUKIT BATOK EAST AVE 5, 650233
BADALING (CHAI CHEE 36),36 CHAI CHEE AVE, 461036
BADALING (NEW UPP CHANGI 59),59 NEW UPPER CHANGI RD, 461059
BADALING (SERANGOON 326),326 SERANGOON AVE 3, 550326
BADALING (WOODLANDS 167),167 WOODLANDS ST 11, 730167
BAI SHENG FOOD COURT,888 WOODLANDS DR 50, 730888
BAN KEE GUAN,5 JALAN MINYAK, 161005
BANANA FNB PTE LTD,1 BEACH RD, 190001
BB289 FOOD HOUSE,289H BUKIT BATOK ST 25, 657289
BEDOK 538 MARKET N FOOD CENTRE,538 BEDOK NORTH ST 3, 460538
BEDOK FOOD CENTRE,1 BEDOK RD, 469572
BEDOK INTERCHANGE HAWKER CENTRE,208B NEW UPPER CHANGI RD, 462208
BEE HWA YUN,177 TOA PAYOH CENTRAL, 310177
BEE KEONG RESTAURANT,5058 ANG MO KIO IND PARK 2, 569561
BELIEVE CATERING,51 CIRCUIT RD, 370051
BENDEMEER FOOD CENTRE,29 BENDEMEER RD, 330029
BEO CRESCENT FOOD CENTRE,38A BEO CRES, 169982
BERSEH FOOD CENTRE,166 JALAN BESAR, 208877
BEST CAFÉ,291 YISHUN ST 22, 760291
BEST COFFEESHOP,959 JURONG WEST ST 92, 640959
BESTASSET PROPERTIES INVESTMENT PTE LTD,17 BEACH RD, 190017
BGAIN 10 EATING HOUSE,10 TELOK BLANGAH CRES, 090010
BGAIN 107 EATING HOUSE,107 SERANGOON NORTH AVE 1, 550107
BGAIN 121 EATING HOUSE,121 HOUGANG AVE 1, 530121
BGAIN 130 EATING HOUSE,130 JURONG GATEWAY RD, 600130
BGAIN 221 EATING HOUSE,221 BOON LAY PLACE, 640221
BGAIN 261 EATING HOUSE,261 WATERLOO ST, 180261
BGAIN 293 EATING HOUSE,293 YISHUN ST 22, 760293
BGAIN 463 EATING HOUSE,463 SEMBAWANG DR, 750463
BGAIN 630 EATING HOUSE,630 ANG MO KIO AVE 4, 560630
BGAIN 681 EATING HOUSE,681 HOUGANG AVE 8, 530681
BGAIN 91 EATING HOUSE,91 TELOK BLANGAH ST 31, 100091
BISHAN CAFETERIA,514 BISHAN ST 13, 570514
BISTRO 8,31 KELANTAN LN, 200031
BISTRO 8,442 CLEMENTI AVE 3, 120442
BK KALLANG,63 KALLANG BAHRU, 330063
BLK 90 WHAMPOA MAKAN PLACE,90 WHAMPOA DR, 320090
BLK 91 WHAMPOA MAKAN PLACE,91 WHAMPOA DR, 320091
BLK 92 WHAMPOA MAKAN PLACE,92 WHAMPOA DR, 320092
BLOCK 511 MARKET AND FOOD CENTRE,511 BEDOK NORTH ST 3, 460511
BOON LAY PLACE FOOD VILLAGE,221B BOON LAY PLACE, 642221
BOON LAY PLACE MARKET,221A BOON LAY PLACE, 641221
BOON LEE EATING HOUSE,86 BEDOK NORTH ST 4, 460086
BREW CAFÉ,326 WOODLANDS ST 32, 730326
BREW CAFÉ 171,171 YISHUN AVE 7, 760171
BROADWAY (115C),115C ALKAFF CRES, 343115
BROADWAY (147),147 POTONG PASIR AVE 1, 350147
BROADWAY (155),155 BUKIT BATOK ST 11, 650155
BROADWAY (19),19 MARSILING LN, 730019
BROADWAY (286),286E TOH GUAN RD, 605286
BROADWAY (334A),334A SEMBAWANG CLOSE, 751334
BROADWAY (414),414 YISHUN RING RD, 760414
BROADWAY (60),60 GUL LN, 629437
BROADWAY (612),612 PUNGGOL DR, 820612
BROADWAY (644),644 HOUGANG AVE 8, 530644
BROADWAY (668A),668A CHOA CHU KANG CRES, 681668
BROADWAY (682),682 HOUGANG AVE 4, 530682
BROADWAY (727),727 ANG MO KIO AVE 6, 560727
BROADWAY (760),760 BEDOK RESERVOIR VIEW, 470760
BROADWAY (760A),760A BEDOK RESERVOIR VIEW, 471760
BROADWAY (848),848 YISHUN ST 81, 760848
BROADWAY (883),883 WOODLANDS ST 82, 730883
BROADWAY 431,431 YISHUN AVE 1, 760431
BROADWAY COFFEESHOP,610 TAMPINES NORTH DR 1, 520610
BUKIT CANBERRA HAWKER CENTRE,21 CANBERRA LINK, 752350
BUKIT MERAH CENTRAL FOOD CENTRE,163 BUKIT MERAH CENTRAL, 150163
BUKIT PANJANG HAWKER CENTRE AND MARKET,2 BUKIT PANJANG RING RD, 679947
BUKIT TIMAH MARKET AND FOOD CENTRE,51 UPPER BUKIT TIMAH RD, 588215
CCK 302 FOODHOUSE,302 CHOA CHU KANG AVE 4, 680302
CHAI HOCK EATING HOUSE,73 LORONG 4 TOA PAYOH, 310073
CHANG CHENG,293 YISHUN ST 22, 760293
CHANG CHENG,682 HOUGANG AVE 4, 530682
CHANG CHENG (109),109 BUKIT BATOK WEST AVE 6, 650109
CHANG CHENG (111),111 TOA PAYOH LORONG 1, 310111
CHANG CHENG (12),12 TELOK BLANGAH CRES, 090012
CHANG CHENG (126),126 LORONG 1 TOA PAYOH, 310126
CHANG CHENG (136),136 MARSILING RD, 730136
CHANG CHENG (166),166 WOODLANDS ST 13, 730166
CHANG CHENG (201),201C TAMPINES ST 21, 523201
CHANG CHENG (211),211 NEW UPPER CHANGI RD, 460211
CHANG CHENG (269),269 QUEEN ST, 180269
CHANG CHENG (27),27 BENDEMEER RD, 330027
CHANG CHENG (324),324 BUKIT BATOK ST 33, 650324
CHANG CHENG (373),373 BUKIT BATOK ST 31, 650373
CHANG CHENG (40),40 HOLLAND DR, 270040
CHANG CHENG (498),498 JURONG WEST ST 41, 640498
CHANG CHENG (59),59 MARINE TERRACE, 440059
CHANG CHENG (75D),75D REDHILL RD, 154075
CHANG CHENG (802),802 TAMPINES AVE 4, 520802
CHANG CHENG (803),803 KING GEORGE'S AVE, 200803
CHANG CHENG (82),82 WHAMPOA DR, 320082
CHANG CHENG (866A),866A TAMPINES ST 83, 521866
CHANG CHENG MEE WAH,354 CLEMENTI AVE 2, 120354
CHANG CHENG MEE WAH COFFEESHOP,818 CHOA CHU KANG AVE 1, 680818
CHANG LONG COFFEESHOP,122 BEDOK NORTH ST 2, 460122
CHANGI VILLAGE HAWKER CENTRE,2 CHANGI VILLAGE RD, 500002
CHENG SAN MARKET & COOKED FOOD CENTRE,527 ANG MO KIO AVE 10, 560527
CHIN BEE FNB,143 TECK WHYE LN, 680143
CHIN SIN HUAN EATING HOUSE,7 JALAN BATU, 431007
CHINATOWN COMPLEX FOOD CENTRE,335 SMITH ST, 050335
CHOH DEE PLACE,824 TAMPINES ST 81, 520824
CHOH DEE PLACE (KIMLY),233 YISHUN ST 21, 760233
CHOICE (215),215 JURONG EAST ST 21, 600215
CHOMP CHOMP FOOD CENTRE,20 KENSINGTON PARK RD, 557269
CHONG BOON MARKET & FOOD CENTRE,453A ANG MO KIO AVE 10, 561453
CHONG HOCK EATING HOUSE,18 GUL ST 3, 629270
CHONG HOCK PTE LTD,71 TUAS AVE 1, 639511
CHONG PANG MARKET,104 YISHUN RING RD, 760104
CHONG PANG MARKET & FOOD CENTRE,105 YISHUN RING RD, 760105
CHOON GUAN COFFEE SHOP,21 OLD AIRPORT RD, 390021
CHOP FUNG LIK RESTAURANT,5023 ANG MO KIO IND PARK 2, 569526
CHUN TAT KEE,306A WOODLANDS ST 31, 731306
CHUNG LIM WET MARKET,151A BISHAN ST 11, 571151
CI YUAN HAWKER CENTRE,51 HOUGANG AVE 9, 538776
CIRCUIT ROAD MARKET AND FOOD CENTRE,80 CIRCUIT RD, 370080
CITY FOOD COURT,27 BENDEMEER RD, 330027
CLEMENTI 448 FOOD CENTRE,448 CLEMENTI AVE 3, 120448
CLEMENTI 881 COFFEE STATION,345 CLEMENTI AVE 5, 120345
CLEMENTI AVE 2 MARKET & FOOD CENTRE,353 CLEMENTI AVE 2, 120353
CNT CAFEE PTE LTD,704 BEDOK RESERVOIR, 470704
COFFEE AND TEA,159 ANG MO KIO AVE 4, 560159
COFFEE AND TEA,78A TELOK BLANGAH ST 32, 101078
COFFEE EXPRESS 2000,443 PASIR RIS DR 6, 510443
COFFEE EXPRESS 2000 (231),231 BAIN ST, 180231
COFFEE SENSE,181 ANG MO KIO AVE 5, 560181
COFFEE UNITED,325 WOODLANDS ST 32, 730325
COFFEE UNITED (496),496 JURONG WEST ST 41, 640496
COLA FOOD,260 ANG MO KIO ST 21, 560260
COLA FOOD (570A),570A WOODLANDS AVE 1, 731570
COMMONWEALTH CRESCENT MARKET AND FOOD CENTRE,31 COMMONWEALTH CRES, 149644
CU COFFEE UNITED,78C TOA PAYOH CENTRAL, 313078
CU FNB PTE LTD,122 ANG MO KIO AVE 3, 560122
DE TIAN,46 TELOK BLANGAH DR, 100046
DE TIAN,570A WOODLANDS AVE 1, 731570
DE TIAN,631 ANG MO KIO AVE 4, 560631
DE TIAN,915 TAMPINES ST 91, 520915
DE TIAN (120),120 BISHAN ST 12, 570120
DE TIAN (126),126 CANBERRA ST, 750126
DE TIAN (265),265 BUKIT BATOK EAST AVE 4, 650265
DE TIAN (28),28 JALAN BUKIT MERAH, 152028
DE TIAN (524),524 HOUGANG AVE 6, 530524
DE TIAN (59),59 NEW UPPER CHANGI RD, 461059
DE TIAN (73),73 LORONG 4 TOA PAYOH, 310073
DE TIAN COFFEE HOUSE,2 THIRD LOK YANG RD, 627997
DELI KOPITIAM,150 BISHAN ST 11, 570150
DMQ EATERING HOUSE,304 UBI AVE 1, 400304
DOVER COFFEE HUB,19A DOVER CRES, 131019
DRAGON VALLEY,26A CHAI CHEE RD, 461026
D'SWEET TOUCH DELI,44 OWEN RD, 210044
DUNMAN FOOD CENTRE,271 ONAN RD, 424768
EAST COAST LAGOON FOOD CENTRE,1220 EAST COAST PARKWAY, 468960
EATING HOUSE 815,815 JURONG WEST ST 81, 640815
EDDY SEAFOOD 156,963 JURONG WEST ST 91, 640963
EE HOE EATING HOUSE,20 LORONG 7 TOA PAYOH, 310020
EIGHTWAYS,395A BUKIT BATOK WEST AVE 5, 651395
EMPRESS ROAD MARKET AND FOOD CENTRE,7 EMPRESS RD, 260007
ENG HUAT LEE,138 TAMPINES ST 11, 521138
ENG KEE,505 WEST COAST DR, 120505
ENG KOPITIAM,605 YISHUN ST 61, 760605
EPIC HAUS,211 LORONG 8 TOA PAYOH, 310211
EPIC HAUS (177),177 TOA PAYOH CENTRAL, 310177
EPIC HAUS (267A),267A TOH GUAN RD, 601267
EPIC HAUS (37),37 CHAI CHEE RD AVE, 461037
EPIC HAUS (780),780 YISHUN RING RD, 760780
"ESSEN, THE PINNACLE",1 CANTONMENT RD, 080001
EUNOS CRESCENT MARKET AND FOOD CENTRE,4A EUNOS CRES, 402004
FAIR INN FOOD PLACE,806 WOODLANDS ST 81, 730806
FAIR VIEW FOOD COURT,371A WOODLANDS AVE 1, 731371
FENG SHENG (477),477 TAMPINES ST 43, 520477
FERNVALE HAWKER CENTRE AND MARKET,21 SENGKANG WEST AVE, 797650
FF 419 FNB PTE LTD,419 TAMPINES ST 41, 520419
FIRST COFFEESHOP PTE LTD,107 ANG MO KIO AVE 4, 560107
FIRST EATING HOUSE PTE LTD,66 KALLANG BHARU, 330066
FM FOODMORE (SERANGOON),19 SERANGOON NORTH AVE 5, 554913
FONG FU FOOD INDUSTRIES PTE LTD,65A JALAN TENTERAM, 328958
FOOD CITY (21),21 LORONG 7 TOA PAYOH, 310021
FOOD CITY BY FU CHAN,301 PUNGGOL CENTRAL, 820301
FOOD HAVEN,5 UPPER BOON KENG RD, 380005
FOOD LOFT,338 ANG MO KIO AVE 1, 560338
FOOD MALL,10 MARSILING IND ESTATE RD, 739276
FOOD PARADISE,417 FERNVALE LINK, 790417
FOOD PARADISE (11B),11B BOON TIONG RD, 163011
FOOD PARADISE (12),120 CANBERRA CRES, 750120
FOOD PARADISE (182),182 WOODLANDS ST 13, 730182
FOOD PARADISE (330),330 ANCHORVALE ST, 540330
FOOD PARADISE (785E),785E WOODLANDS RISE, 735785
FOOD PARADISE 279 SENG KANG,279 SENGKANG EAST AVE, 540279
FOOD PARK (164 TAMPINES),164 TAMPINES ST 12, 521164
FOOD PAVILION,443 CLEMENTI AVE 3, 120443
FOOD TRAIL,22 SIN MING RD, 570022
FOOD VILLAGE,660A EDGEDALE PLAINS, 821660
FOODCITY (529),529 HOUGANG AVE 6, 530529
FOODCLIQUE PTE LTD,292 BUKIT BATOK EAST AVE 6, 650292
FOODFARE (507),507 YISHUN AVE 4, 760507
FOODGLE (308C),308C PUNGGOL WALK, 823308
FOODGLE (451),451 BUKIT BATOK WEST AVE 6, 650451
FOODGLE COFFEE SHOP,513 YISHUN ST 51, 760513
FOODGLE HUB,119 BUKIT MERAH LN 1, 151119
FOODHUB,119 ALJUNIED AVE 2, 380119
FOODHUB,145 TECK WHYE AVE, 680145
FOODHUB,169 STIRLING RD, 140169
FOODHUB,455 SENGKANG WEST AVE, 790455
FOODHUB,631 HOUGANG AVE 8, 530631
FOODHUB,803 KEAT HONG CLOSE, 680803
FOODHUB (209),209 NEW UPPER CHANGI RD, 460209
FOODHUB (214),214 SERANGOON AVE 4, 550214
FOODHUB (547),547 SEGAR RD, 670547
FOODHUB (678A),678A CHOA CHU KANG CRES, 681678
FOODLOFT,338 ANG MO KIO AVE 1, 560338
FOODLOFT,823A TAMPINES ST 81, 521823
FOODLOFT (107),107 ANG MO KIO AVE 4, 560107
FOODLOFT (159A),159A HOUGANG ST 11, 531159
FOODLOFT (217),217 BEDOK NORTH ST 1, 460217
FOODLOFT (3),3 ST GEORGE RD, 320003
FOODLOFT (306),306 WOODLANDS ST 31, 730306
FOODLOFT (308),308 CLEMENTI AVE 4, 120308
FOODLOFT (431),431 CELMENTI AVE 3, 120431
FOODLOFT (476),476 TAMPINES ST 44, 520476
FOODLOFT (501),501 WEST COAST DR, 120501
FOODPARK (107),107 CLEMENTI ST 12, 120107
FOODPARK (182A),182A RIVERVALE CRES, 541182
FOODPARK (2),2 LORONG LEW LIAN, 531002
FOODPARK (39),39 SIN MING DR, 575713
FOODPARK (43),43 CAMBRIDGE RD, 210043
FOODPARK (485),485 SEGAR RD, 670485
FOODPARK (519A),519A TAMPINES CENTRAL 8, 521519
FOODPARK (69),69 BEDOK SOUTH AVE 3, 460069
FOODPARK (780),780 WOODLANDS CRES, 730780
FOODPARK (823A),823A TAMPINES ST 81, 521823
FOODPOINT,325 UBI AVE 1, 400325
FOODPRINTS (3015),3015 BEDOK NORTH ST 5, 486350
FOODPRINTS INVESTMENT PTE LTD,71 PIONEER RD, 639591
FOODPRINTS SUMMIT,8 JURONG TOWN HALL RD, 609434
FORTUNE COFFEE,122 ANG MO KIO AVE 3, 560122
FRESH MART WET MARKET,823A TAMPINES ST 81, 521823
FU CHAN (101),101 YISHUN AVE 5, 760101
FU CHAN (139),139 TAMPINES ST 11, 521139
FU CHAN (145),145 TECK WHYE LN, 680145
FU CHAN (447),447A JALAN KAYU, 791447
FU CHAN (491),491 JURONG WEST AVE 1, 640491
FU CHAN (505),505 CANBERRA LINK, 750505
FU CHAN (632),632 ANG MO KIO AVE 4, 560632
FU YUAN CAN SHI,259 BUKIT PANJANG RING RD, 671259
FUCHAN (134),134 JURONG GATEWAY RD, 600134
G LUCKY,539 BEDOK NORTH ST 3, 460539
GET TOGETHER,177 BUKIT BATOK WEST AVE 8, 650177
GET TOGETHER COFFEE SHOP,2 JALAN BUKIT MERAH, 150002
GET TOGETHER COFFEESHOP,622A TAMPINES AVE 12, 521622
GEYLANG SERAI MARKET & FOOD CENTRE,1 GEYLANG SERAI, 402001
GHIM MOH FOOD CENTRE,20 GHIM MOH RD, 270020
GHK @ 509 BEDOK,509 BEDOK NORTH ST 3, 460509
GHK @ KHATIB,848 YISHUN ST 81, 760848
GHK 407 FOODHOUSE,407 ANG MO KIO AVE 10, 560407
GHK 645 COFFEESHOP,645 YISHUN ST 61, 760645
GIM HUAT,24 SIN MING RD, 570024
GM FOOD CENTRE PTE LTD,198 PUNGGOL FIELD, 820198
GOH LIM HUA EATING HOUSE,309 HOUGANG AVE 5, 530309
GOLD 186 FOODCOURT,333C YISHUN ST 31, 763333
GOLDEN MILE FOOD CENTRE,505 BEACH RD, 199583
GOOD EATS,164 BUKIT MERAH CENTRAL, 150164
GOOD EAT'S & FAMILY RESTAURANT,1 TANJONG PAGAR PLAZA, 082001
GOURMENT EXPRESS,514A BISHAN ST 13, 571514
GOURMET STREET (CW),710 CLEMENTI WEST ST 2, 120710
GOURMET STREET (JB27),27 JALAN BERSEH, 200027
GOURMET STREET (KC),131 JALAN BUKIT MERAH, 160131
GOURMET STREET (SMR),22 SIN MING RD, 570022
GOURMET STREET (TP31),31 TAMPINES ST 92, 520031
GRAINS & HOPS (TP),494 TAMPINES ST 45, 523494
GUAN GUAN KOPITIAM,1015 GEYLANG EAST AVE 3, 389730
GUAN HOCK TIONG EATING HOUSE,153 SERANGOON NORTH AVE 1, 550153
HAI FONG COFFEE SHOP,203 TOA PAYOH NORTH, 310203
HAI ZHONG BAO (204),204 SERANGOON CENTRAL, 550204
HAIG ROAD MARKET AND FOOD CENTRE,14 HAIG RD, 430014
HAIG ROAD MARKET AND FOOD CENTRE (WM),13 HAIG RD, 430013
HAINANESE VILLAGE CENTRE,105 HOUGANG AVE 1, 530105
HAO CAI YING XIANG,546 JURONG WEST ST 42, 640546
HAO KOU WEI (16A),16A SUNGEI KADUT WAY, 728794
HAO KOU WEI (271),271 BUKIT BATOK EAST AVE 4, 650271
HAPPY HAWKER,267 COMPASSVALE LINK, 540267
HAPPY HAWKER,467 BUKIT BATOK WEST AVE 9, 650467
HAPPY HAWKER (18),18 JALAN MEMBINA, 164018
HAPPY HAWKER (204),204 BEDOK NORTH ST 1, 460204
HAPPY HAWKER (289C),289C COMPASSVALE CRES, 541289
HAPPY HAWKER (433A SENGKANG),433A SENGKANG WEST WAY, 791433
HAPPY HAWKER (531),531 ANG MO KIO AVE 10, 560531
HAPPY HAWKER (602B),602B TAMPINES AVE 9, 522602
HAPPY HAWKER (632),632 BUKIT BATOK CENTRAL, 650632
HAPPY HAWKER (671),671 EDGEFIELD PLAINS, 820671
HAPPY HAWKER (739),739 BEDOK RESERVOIR RD, 470739
HAPPY HAWKER (747),747 YISHUN ST 72, 760747
HAPPY HAWKER (872C),872C TAMPINES ST 86, 528588
HAPPY HAWKERS,201 KIM TIAN RD, 160201
HAPPY HAWKERS (215C),215C COMPASSVALE DR, 543215
HAPPY HAWKERS (256 YISHUN),256 YISHUN RING RD, 760256
HAPPY HAWKERS (406A SEMBAWANG),406A SEMBAWANG DR, 751406
HAWKER CENTRE @ OUR TAMPINES HUB,1 TAMPINES WALK, 528523
HEAP SENG LEONG,10 NORTH BRIDGE RD, 190010
HER CHONG EATING HOUSE,20 NEYTHAL RD, 628585
HOCK HUA COFFEE SHOP,111 JALAN BUKIT MERAH, 160111
HOCK SIN,118 COMMONWEALTH CRES, 140118
HOE SENG F&B ENTERPRISE PTE LTD,44 BENDEMEER RD, 330044
HOKI (146),146 JALAN BUKIT MERAH, 160146
HOKI (150A),150A BISHAN ST 11, 571150
HOLA (248),248 SIMEI ST 3, 520248
HOLLAND DRIVE FOOD CENTRE,44 HOLLAND DRIVE, 270044
HOLLAND VILLAGE FOOD CENTRE,1 LORONG MAMBONG, 277700
HOLLYWOOD BISTRO,58 LENGKOK BAHRU, 150058
HONG FU LING 81 EATING HOUSE,81 WHAMPOA DR, 320081
HONG KAH FOOD PLACE,376 BUKIT BATOK ST 31, 650376
HONG KONG ST CHUN KEE RESTAURANT,125 BUKIT MERAH LN 1, 150125
HONG KONG STREET,158 ANG MO KIO AVE 4, 560158
HONG LEE,7 EUNOS CRES, 400007
HONG LIM FOOD CENTRE,531A UPPER CROSS ST, 051531
HONG YUN FISHERY,414 YISHUN RING RD, 760414
HOUGANG FOOD PLACE,246 HOUGANG ST 22, 530246
HOY FATT 28,28 HOY FATT RD, 151028
HUA FONG KEE FOOD COURT PTE LTD,116 LORONG 2 TOA PAYOH, 310116
HUA HUA EATING HOUSE,81 MARINE PARADE CENTRAL, 440081
HUANG HONGJI PORRIDGE,269B PUNGGOL FIELD, 822269
HUAT LI EATING HOUSE,1001 YISHUN IND PARK A, 768743
HUO SHI XUAN,354A WOODLANDS AVE 1, 731354
HUP CHONG PTE LTD,28 PENJURU CLOSE, 608619
J&J EATING HOUSE,557 JURONG WEST ST 42, 640557
J99 EATING HOUSE,186 TOA PAYOH CENTRAL, 310186
JALAN BATU HAWKER CENTRE,4A JALAN BATU, 432004
JIA FU FANG,80 REDHILL LN, 150080
JIAN LAI XING,5 ANG MO KIO IND PARK 2A, 567760
JIN BAO COFFEESHOP,280 TAMPINES ST 22, 520280
JIN BIAO COFFEESHOP (136),136 POTONG PASIR AVE 3, 350136
JINYUAN FOOD HOUSE,416 BEDOK NORTH AVE 2, 460416
JOHNSON EATERY,125 LORONG 1 TOA PAYOH, 310125
JOHNSON EATERY,9 TOA PAYOH IND PARK, 319061
JOO CHIAT FOOD CENTRE,1 JOO CHIAT RD, 420001
JOO SENG FOOD PLACE,1 UPPER ALJUNIED LN, 360001
JTC CLEANTECH PARK ONE,1 CLEANTECH LOOP, 637141
JURONG SOON LEE EATING HOUSE,11 SOON LEE RD, 628075
JURONG WEST 505 MARKET AND FOOD CENTRE,505 JURONG WEST ST 52, 640505
JUZ EAT,11 SENOKO WAY, 758032
JW 504 F&B,504 JURONG WEST ST 51, 640504
K88 COFFEE HOUSE,5 BANDA ST, 050005
KAI XIANG FOOD CENTRE,349 JURONG EAST AVE 1, 600349
KALLANG ESTATE MARKET,17 OLD AIRPORT RD, 397972
KAMPUNG ADMIRALTY HAWKER CENTRE,676 WOODLANDS DR 71, 730676
KAMPUNG UBI EATING HOUSE,3024 UBI RD3, 408652
KEAT HONG SHOPPING CENTRE WET MARKET,253 CHOA CHU KANG AVE 1, 680253
KEBUN BARU FOOD CENTRE,226H ANG MO KIO ST 22, 568226
KEBUN BARU MARKET AND FOOD CENTRE,226D ANG MO KIO AVE 1, 564226
KEDAI KOPI,12 HAIG RD, 430012
KEEN WAH COFFEE HOUSE,264 TAMPINES ST 21, 520264
KENG ENG KEE SEAFOOD,124 BUKIT MERAH LN 1, 150124
KENNY EATING HOUSE,9008 TAMPINES ST 93, 528843
KERK'S KOPITIAM,883 WOODLANDS ST 82, 730883
KIAN SENG SEAFOOD RESTAURANT,4013 ANG MO KIO IND. PARK, 569629
KIM CHUAN EATING HOUSE,1010 TAI SENG AVE, 534417
KIM KEAT FOOD N DRINKS CENTRE,260 KIM KEAT AVE, 310260
KIM KEAT PALM MARKET & FOOD CENTRE,22 LORONG 7 TOA PAYOH, 310022
KIM SAN LENG,116 BUKIT MERAH VIEW, 151116
KIM SAN LENG,46 OWEN RD, 210046
KIM SAN LENG (116),116 BUKIT MERAH VIEW, 151116
KIM SAN LENG (134),134 GEYLANG EAST AVE 1, 380134
KIM SAN LENG (138),138 TAMPINES ST 11, 521138
KIM SAN LENG (226B),226B ANG MO KIO AVE 1, 562226
KIM SAN LENG (259),259 BUKIT PANJANG RING RD, 671259
KIM SAN LENG (259),259A BANGKIT RD, 670259
KIM SAN LENG (417),417 YISHUN AVE 11, 760417
KIM SAN LENG (511),511 BISHAN ST 13, 570511
KIMLY,134 LORONG AH SOO, 530134
KIMLY,2A EUNOS CRES, 401002
KIMLY (101),101 YISHUN AVE 5, 760101
KIMLY (106),106 BIDADARI PARK DR, 340106
KIMLY (123),123 BEDOK NORTH ST 2, 460123
KIMLY (131),131 MARSILING RISE, 730131
KIMLY (132),132 JURONG GATEWAY RD, 600132
KIMLY (143),143 TECK WHYE LN, 680143
KIMLY (146 POTONG PASIR),146 POTONG PASIR AVE 1, 350146
KIMLY (147),147 SERANGOON NORTH AVE 1, 550147
KIMLY (150 BUKIT BATOK),150 BUKIT BATOK ST 11, 650150
KIMLY (163A),163A GANGSA RD, 671163
KIMLY (202),202 ANG MO KIO AVE 3, 560202
KIMLY (221),221 BOON LAY PLACE, 640221
KIMLY (233 YISHUN),233 YISHUN ST 21, 760233
KIMLY (266),266 COMPASSVALE BOW, 540266
KIMLY (280 BISHAN),280 BISHAN ST 24, 570280
KIMLY (292 BUKIT BATOK),292 BUKIT BATOK EAST AVE 6, 650292
KIMLY (29A GHIM MOH),29A GHIM MOH LINK, 271029
KIMLY (29B CHAI CHEE),29B CHAI CHEE AVE, 462029
KIMLY (303),303 JURONG EAST ST 32, 600303
KIMLY (304),304 SERANGOON AVE 2, 550304
KIMLY (322),322 SUMANG WALK, 820322
KIMLY (325),325 CLEMENTI AVE 5, 120325
KIMLY (327 HOUGANG),327 HOUGANG AVE 5, 530327
KIMLY (346),346 JURONG EAST ST 31, 600346
KIMLY (346A),346A KANG CHING RD, 611346
KIMLY (347 AMK),347 ANG MO KIO AVE 3, 560347
KIMLY (347 BUKIT BATOK),347 BUKIT BATOK ST 34, 650347
KIMLY (365),365 SEMBAWANG CRES, 750365
KIMLY (408 AMK),408 ANG MO KIO AVE 10, 560408
KIMLY (418 YISHUN),418 YISHUN AVE 11, 760418
KIMLY (444),444 PASIR RIS DR 6, 510444
KIMLY (450),450 CLEMENTI AVE 3, 120450
KIMLY (476),476D UPPER SERANGOON VIEW, 537476
KIMLY (501),501 JURONG WEST ST 51, 640501
KIMLY (527C),527C PASIR RIS ST 51, 513527
KIMLY (631),631 BEDOK RESERVOIR RD, 470631
KIMLY (651),651 JURONG WEST ST 61, 640651
KIMLY (679),679 JURONG WEST CENTRAL 1, 640679
KIMLY (684),684 HOUGANG AVE 8, 530684
KIMLY (691),691 WOODLANDS DR 73, 730691
KIMLY (7),7 EVERTON PARK, 080007
KIMLY (722),722 ANG MO KIO AVE 8, 560722
KIMLY (742A),742A TAMPINES ST 72, 521742
KIMLY (826),826 TAMPINES ST 81, 520826
KIMLY (827),827 TAMPINES ST 81, 520827
KIMLY (878C TAMPINES),878C TAMPINES AVE 8, 523878
KOLA FOOD CENTRE,36 SIN MING DR, 575710
KOPI BREWERIES,18B CIRCUIT RD, 370218
KOPI BREWERIES,429 JURONG WEST AVE 1, 640429
KOPI KIA,56 NEW UPPER CHANGI RD, 461056
KOPI STORY,537 BEDOK NORTH ST 3, 460537
KOPITIAM,275D COMPASSVALE LINK, 544275
KOPITIAM,361 SEMBAWANG CRES, 750361
KOPITIAM (10),10 SENGKANG SQUARE, 544829
KOPITIAM (108),108 PUNGGOL FIELD, 820108
KOPITIAM (118),118 RIVERVALE DR, 540118
KOPITIAM (19),19 GHIM MOH RD, 270019
KOPITIAM (248),248 SIMEI ST 3, 520248
KOPITIAM (437),437 FERNVALE RD, 790437
KOPITIAM (450),450 CLEMENTI AVE 3, 120450
KOPITIAM (504),504 YISHUN ST 51, 760504
KOPITIAM (524A),524A JELAPANG RD, 671524
KOPITIAM (542B),542B SERANGOON NORTH AVE, 552542
KOPITIAM (548),548 WOODLANDS DR 44, 730548
KOPITIAM (624),624 CHOA CHU KANG ST 62, 680624
KOPITIAM (628),628 SENJA RD, 670628
KOPITIAM (639),639 PUNGGOL DR, 820639
KOPITIAM (735),735 PASIR RIS ST 72, 510735
KOPITIAM CORNER,308 ANCHORVALE RD, 540308
KOPITIAM CORNER (273C),273C PUNGGOL PLACE, 823273
KOPIWU,732 YISHUN AVE 5, 760732
KOPIWU (420A),420A CLEMENTI AVE 1, 121420
KOPIWU (732),732 YISHUN AVE 5, 760732
KOUFU (117),117 PENDING RD, 670117
KOUFU (118),118 RIVERVALE DR, 540118
KOUFU (168),168 PUNGGOL FIELD, 820168
KOUFU (263),263 COMPASSVALE ST, 540263
KOUFU (399),399 YUNG SHENG RD, 610399
KOUFU (445),445 FAJAR RD, 670445
KOUFU (500),500 LORONG 6 TOA PAYOH, 310500
KOUFU (511),511 CANBERRA RD, 750511
KOUFU (57),57 DAWSON RD, 142057
KOUFU (638A),638A JURONG WEST ST 61, 641638
KOUFU (762),762 JURONG WEST ST 75, 640762
KOUFU (768),768 WOODLANDS AVE 6, 730768
KOUFU (88),88 TANGLIN HALT RD, 141088
KOUFU (991),991 BUANGKOK LINK, 530991
KOVAN 212,212 HOUGANG ST 21, 530212
KOVAN FOOD CENTRE,209 HOUGANG ST 21, 530209
KPT (127),127 BUKIT MERAH LN 1, 150127
KPT (401),401 HOUGANG AVE 10, 530401
KPT (445),440 PASIR RIS DR, 510440
KPT (504A),504A SERANGOON NORTH AVE 4, 555850
KPT (515A),515A WOODLANDS DR 14, 731515
KPT (651A),651A JALAN TENAGA, 411651
KPT (848),848 YISHUN ST 81, 760848
KPT (SEMBAWANG),313 SEMBAWANG DR, 750313
KUKOH 21 FOOD CENTRE,1 JALAN KUKOH, 161001
KWEK SENG HUAT EATING HOUSE,350A ANCHORVALE RD, 541350
LA KOPI,262 SERANGOON CENTRAL, 550262
LA KOPI (BUKIT MERAH),165 BUKIT MERAH CENTRAL, 150165
LAI HOCK SING MARKET,27A CHAI CHEE RD, 461027
LAO ZI HAO KOPITIAM,46 TELOK BLANGAH DR, 100046
LAU AH TEE BAK KUT TEH,34 WHAMPOA WEST, 330034
LE CHASSEUR,27 EUNOS RD2, 409387
LEE KWANG KEE TEOCHEW CUISINE,212 LORONG 8 TOA PAYOH, 310102
LEE QUAN (ANG MO KIO),422 ANG MO KIO AVE 3, 560422
LEONG JI EATING HOUSE,658 PUNGGOL EAST, 820658
LEPAK ONE CORNER,326 ANCHORVALE RD, 540326
LIAN HWA EATING HOUSE,18 JALAN SULTAN, 190018
LIAN SENG,40 BEO CRES, 160040
LIAN WAH KOPITIAM,133 ANG MO KIO AVE 3, 560133
LIM YAN HWEE TRADING,261 SERANGOON CENTRAL, 550261
LIMBANG WET MARKET,532 CHOA CHU KANG ST 51, 680532
LITTLE ELEPHANTS THAI BISTRO,57 ENG HOON ST, 160057
LOYANG WAY FOOD VILLAGE,64 LOYANG WAY, 508754
LUCKY MARKET,511 CANBERRA RD, 750511
LUCKY STAR,323 BUKIT BATOK ST 33, 650323
LUCKY STAR EATING HOUSE,211 MARSILING CRES, 730211
LW EATING HOUSE,26 TECK WHYE LN, 680026
M. RAFFICK MUTTON & CHICKEN SUPPLIES PTE LTD,294 YISHUN ST 22, 760294
MACPHERSON MARKET AND FOOD CENTRE,89 CIRCUIT RD, 370089
MARGARET DRIVE HAWKER CENTRE,38A MARGARET DR, 142038
MARKET STREET INTERIM HAWKER CENTRE,86 MARKET ST, 048947
MARSILING LANE BLOCK 21 FOOD CENTRE,21 MARSILING LN, 730021
MARSILING LANE MARKET AND COOKED FOOD CENTRE,20 MARSILING LN, 730020
MARSILING MALL HAWKER CENTRE,4 WOODLANDS ST 12, 738623
MAXIM STAR COFFEESHOP,168 LORONG 1 TOA PAYOH, 310168
MAXWELL FOOD CENTRE,1 KADAYANALLUR ST, 069184
MAYFLOWER FOOD CENTRE,162 ANG MO KIO AVE 4, 560162
MAYFLOWER MARKET,160 ANG MO KIO AVE 4, 560160
MEALBOX,30 BIOPOLIS ST, 138671
MEET UP @ 203,203 HOUGANG ST 21, 530203
MEETUP @ 352,352 CLEMENTI AVE 2, 120352
MEETUP @ 494,494 JURONG WEST ST 41, 640494
MEI CHENG SHI GE,53 SIMS PLACE, 380053
MEI DE,273 BUKIT BATOK EAST AVE 4, 650273
MEI DE,279 BUKIT BATOK EAST AVE 3, 650279
MEI LING MARKET,159 MEI CHIN RD, 140159
MENG SOON HUAT FOOD CENTRE,359 BUKIT BATOK ST 31, 650359
MIN LOCK EATING HOUSE,22 SENOKO LOOP, 758154
MIN LOCK YUEN EATING HOUSE,1 KAKI BUKIT AVE 3, 416087
MING SOON FATT FOOD CENTRE,178 PANDAN LOOP, 128370
MR TEH TARIK (MARSILING PARK),20 WOODLANDS CENTRE RD, 738937
MT59 FOOD HOUSE,59 MARINE TERRACE, 440059
MTF COFFEE HOUSE,703 HOUGANG AVE 2, 530703
MUHAMMAD'S TEH TARIK EATING HOUSE,503 TAMPINES CENTRAL 1, 520503
MUI THIANG KEE EATING HOUSE,34 CASSIA CRES, 390034
NAM WAH,11 UPPER BOON KENG RD, 380011
NAM WAH,631 BEDOK RESERVOIR RD, 470631
NAM WAH COFFEESHOP,929 TAMPINES ST 91, 520929
NAN HEONG HO KEE,148 SILAT AVE, 160148
NEW CENTURY,828 TAMPINES ST 81, 520828
NEW CENTURY CAFE,19 GHIM MOH RD, 270019
NEW CENTURY FOOD HOUSE,539 BEDOK NORTH ST 3, 460539
NEW CENTURY FOOD HOUSE,66 LORONG 4 TOA PAYOH, 310066
NEW CENTURY FOOD HOUSE (151),151 BISHAN ST 11, 570151
NEW CENTURY FOODHOUSE CLEMENTI,721 CLEMENTI WEST ST 2, 120721
NEW CHANGI EATING HOUSE,57 NEW UPPER CHANGI RD, 461057
NEW FAMILY FOOD COURT,55 SUNGEI KADUT ST 1, 729358
NEW TREND EATING HOUSE,120 POTONG PASIR AVE 1, 350120
NEWTON FOOD CENTRE,500 CLEMENCEAU AVE NORTH, 229495
NTI FOOD COURT,964 JURONG WEST ST 91, 640964
NTUC FOODFARE (309),309 CHOA CHU KANG AVE 4, 680309
NTUC FOODFARE (673B),673B CHOA CHU KANG CRES, 682673
OCEAN 92,92 LORONG 4 TOA PAYOH, 310092
OLD TIONG BAHRU BAK KUT THE PTE LTD,58 SENG POH RD, 160058
ONE FAMILY FOOD CENTRE,3 SAKRA RD, 627878
ONE PUNGGOL HAWKER CENTRE,1 PUNGGOL DR, 828629
ORANG ORANG,134 BUKIT BATOK WEST AVE 6, 650134
ORANGE 7 BIG CANTEEN,18 TUAS AVE 7, 639272
P12 COFFEE SHOP,205D COMPASSVALE LN, 544205
PADI EMAS (214),214 JURONG EAST ST 21, 600214
PASAR 16 @ BEDOK,16 BEDOK SOUTH RD, 460016
PASAR 216 BEDOK CENTRAL,216 BEDOK NORTH ST 1, 460216
PASIR PANJANG FOOD CENTRE,121 PASIR PANJANG RD, 118543
PASIR RIS CENTRAL HAWKER CENTRE,110 PASIR RIS CENTRAL, 519641
PDSS 318 FOOD CAFETERIA,318 JURONG EAST ST 31, 600318
PEARL'S HILL 34,34 UPPER CROSS ST, 050034
PEK KIO MARKET AND FOOD CENTRE,41A CAMBRIDGE RD, 211041
PEOPLE'S PARK FOOD CENTRE,32 NEW MARKET RD, 050032
POH N ANN,19 TOH YI DR, 590019
POH SEE TIAN EATING HOUSE,194 KIM KEAT AVE, 310194
POR KEE EATING HOUSE 1996,69 SENG POH LN, 160069
PP146 FOOD HOUSE,421C NORTHSHORE DR, 823421
PRIME COURT (116),461 YISHUN AVE 6, 760461
PRIME COURT (18),18 LORONG 7 TOA PAYOH, 310018
Q SON GROUP (57),57 GEYLANG BAHRU, 330057
Q'SON GROUP,108 ANG MO KIO AVE 4, 560108
QUALITY ROAD FOOD CENTRE,45 QUALITY RD, 618824
RASA RASA @ SENGKANG,278D COMPASSVALE BOW, 544278
RASA SEDAP SEAFOOD YISHUN,925 YISHUN CENTRAL 1, 760925
REDHILL FOOD CENTRE,85 REDHILL LN, 150085
REDHILL MARKET,79 REDHILL LN, 150079
RONG FA,710 CLEMENTI WEST ST 2, 120710
RONG LIANG,725 CLEMENTI WEST ST 2, 120725
RONG YUAN COFFEESHOP,475 UPPER SERANGOON CRES, 530475
S STAR,25 GHIM MOH LINK, 270025
S11,110 LENGKONG TIGA, 410110
S11 (302),302 WOODLANDS ST 31, 730302
S11 (304),304 WOODLANDS ST 31, 730304
S11 (34),34 UPPER CROSS ST, 050034
S11 (43),43 HOLLAND DR, 270043
S11 (450),450 ANG MO KIO AVE 10, 560450
S11 (504),504 BISHAN ST 11, 570504
S11 (630A),630A WOODLANDS RING RD, 731630
S11 (640),640 BUKIT BATOK CENTRAL, 650640
S11 (711),711 ANG MO KIO AVE 8, 560711
S11 (727),727 CLEMENTI WEST ST 2, 120727
S11 (744),744 YISHUN ST 72, 760744
S11 FOODCOURT @ CHOA CHU KANG,787B CHOA CHU KANG DR, 681787
S17 COMMUNITY KITCHEN,57 LENGKOK BAHRU, 151057
SAM YAT EATING HOUSE,252 JURONG EAST ST 24, 600252
SEDAP,735 PASIR RIS ST 72, 510735
SEMBAWANG HILLS FOOD CENTRE,590 UPPER THOMSON RD, 574419
SENG KANG NEW MARKET,118 RIVERVALE DR, 540118
SENJA HAWKER CENTRE,2 SENJA CLOSE, 677632
SERANGOON GARDEN MARKET AND FOOD CENTRE,49A SERANGOON GARDEN WAY, 555945
SHENG HUI COFFEESHOP,45 SIMS DR, 380045
SHI FU EATING HOUSE,261 PUNGGOL WAY, 820261
SHI WEI TIAN,204 BEDOK NORTH ST 1, 460204
SHIFU,445 TAMPINES ST 42, 520445
SHUNFU MART FOOD CENTRE MARKET,320 SHUNFU RD, 570320
SILVER SPOON,293 YISHUN ST 22, 760293
SIMS VISTA FOOD CENTRE,49 SIMS PLACE, 380049
SIN BEE KENG RESTAURANT,74 WHAMPOA DR, 320074
SIN CHWEE MINI MART,371 BUKIT BATOK ST 31, 650371
SIN EATING HOUSE,537 BUKIT BATOK ST 52, 650537
SIN HIAP HUAT,10 NORTH BRIDGE RD, 190010
SIN HIN FOOD PLACE PTE LTD,9012 TAMPINES ST 93, 528845
SIN HUAT LEE RESTAURANT,371 BUKIT BATOK ST 31, 650371
SIN HWA EATING HOUSE,10 TUAS AVE 3, 639409
SIN KEE HEONG,117 COMMONWEALTH DR, 140117
SINAR SEAFOOD (456 JURONG WEST),456 JURONG WEST ST 41, 640456
SINAR SEAFOOD (608 AMK),608 ANG MO KIO AVE 5, 560608
SING HIAP HUAT,19 LORONG 7 TOA PAYOH, 310019
SK COFFEE,56 NEW UPPER CHANGI RD, 461056
SOO SAN NA FAMILY CAFÉ,22 WOODLANDS LINK, 738734
SOON HUAT FOOD CENTRE,233 LORONG 8 TOA PAYOH, 310233
SOON SOON LAI EATING HOUSE,32 DEFU LN 10, 539213
SPICE KITCHEN,117 PENDING RD, 670117
SPRING LEAF EATING HOUSE,69 BEDOK SOUTH AVE 3, 460069
ST 82 COFFEESHOP,844 TAMPINES ST 82, 520844
SUNDAY F&B,532 ANG MO KIO AVE 10, 560532
SUNGEI KADUT EATING HOUSE,32 PIONEER SECTOR 2, 628388
SUPER 28 COFFEE SHOP,184 TOA PAYOH CENTRAL, 310184
SUPERLUCK (440),440 BUKIT BATOK WEST AVE 8, 650440
SUPERLUCK FC PTE LTD (YISHUN AVENUE),317 YISHUN AVE 9, 760317
TAHOE GARDEN,493 JURONG WEST ST 41, 640493
TAI HO SOON COFFEESHOP,1 TANJONG PAGAR PLAZA, 082001
TAI WAH,892C WOODLANDS DR 50, 732892
TAI WAH CHOK KEE,435A HOUGANG AVE 8, 531435
TAMAN JURONG FOOD CENTRE,3 YUNG SHENG RD, 618499
TAMPINES ROUND MARKET & FOOD CENTRE,137 TAMPINES ST 11, 521137
TAMPINES WET MARKET,201C TAMPINES ST 21, 523201
TANAKA VEGETARIAN RESTAURANT,253 CHOA CHU KANG AVE 1, 680253
TANG TEA HOUSE,414 JURONG WEST ST 42, 640414
TANGLIN HALT MARKET,48A TANGLIN HALT RD, 148813
TANJONG PAGAR PLAZA FOOD CENTRE,6 TANJONG PAGAR PLAZA, 081006
TAR HUAT TRADING,374 BUKIT BATOK ST 31, 650374
TASTEBUD COFFEESHOP,932 HOUGANG AVE 9, 530932
TASTEBUD EATING HOUSE (140),140 CORPORATION DR, 610140
TASTEBUD EATING HOUSE (218),218 SUMANG WALK, 820218
TEA & KOPI 美食,1 TANJONG PAGAR PLAZA, 082001
TEBAN GARDENS HAWKER,37A TEBAN GARDENS RD, 601037
TECK GHEE COURT MARKET AND FOOD CENTRE,341 ANG MO KIO AVE 1, 560341
TEH TARIK (YISHUN),846 YISHUN RING RD, 760846
TEKKA HAWKER CENTRE,665 BUFFALO RD, 210665
TELOK BLANGAH CRESCENT MARKET AND FOOD CENTRE,11 TELOK BLANGAH CRES, 090011
TELOK BLANGAH RISE MARKET AND FOOD CENTRE,36 TELOK BLANGAH RISE, 090036
TEO CHAP BEE COFFEESHOP,19 MARSILING LN, 730019
TEOCHEW CUISINE RESTAURANT,132 BUKIT BATOK WEST AVE 6, 650132
TG 339 EATING HOUSE,339 ANG MO KIO AVE 1, 560339
THAT COFFEE PLACE,297C COMPASSVALE ST, 543297
THE CAFÉ LOBBY,21 TUAS AVENUS 13, 638988
THE GRAIN SHOP,365B UPPER SERANGOON RD, 532365
THE GREEN BEAN SOUP,22 SIN MING RD, 570022
THE MARKETPLACE@58,58 NEW UPPER CHANGI RD, 461058
THE TRADITIONAL TASTE CS,343 YISHUN AVE 11, 760343
TIAN TIAN LAI EATING HOUSE,3018 BEDOK NORTH ST 5, 486132
TIANG SENG EATING HOUSE,380 CLEMENTI AVE 5, 120380
TIMBRE+ ONE NORTH,73A AYER RAJAH CRESCENT, 139957
TIONG BAHRU FOOD CENTRE,30 SENG POH RD, 168898
TIONG BAHRU YONG TAO HU,56 ENG HOON ST, 160056
TIONG WAH RESTAURANT,16 TECK WHYE LN, 680016
TK COFFEE HOUSE,112 BISHAN ST 12, 570112
TK FOOD HOUSE,272 BUKIT BATOK EAST AVE 4, 650272
TLB65,65 TELOK BLANGAH DR, 100065
TOA PAYOH LORONG 5 HAWKER CENTRE,75 LORONG 5 TOA PAYOH, 310075
TOA PAYOH LORONG 8 MARKET AND HAWKER CENTRE,210 LORONG 8 TOA PAYOH, 310210
TOA PAYOH PALM SPRING MARKET,93 LORONG 4 TOA PAYOH, 310093
TOA PAYOH VISTA MARKET,74 LORONG 4 TOA PAYOH, 310074
TOA PAYOH WEST MARKET AND FOOD CENTRE,127 LORONG 1 TOA PAYOH, 310127
TOH GUAN FOOD N DRINKS CENTRE,282A TOH GUAN RD, 601282
TONG LAI EATING HOUSE,283 BUKIT BATOK EAST AVE 3, 650283
TONG YUAN EATING HOUSE,151 BEDOK RESERVOIR RD, 470151
TREASURES,161 BUKIT MERAH CENTRAL, 150161
TUAS AMENITY CENTRE,71 PIONEER RD, 639591
TUAS BIO MEDICAL PARK CANTEEN,128 TUAS SOUTH AVE 3, 637370
TUAS KAMPUNG,29 TUAS WEST AVE, 638427
U LAI (761),761 YISHUN ST 72, 760761
UBI PLACE EATING HOUSE,3021 UBI AVE 2, 408897
UNITED HUB 78,78 CIRCUIT RD, 370078
UPPER BOON KENG FOOD CENTRE,17 UPPER BOON KENG RD, 380017
WAH YEN,23 SIN MING RD, 570023
WAN FU (722),722 CLEMENTI WEST ST 2, 120722
WAN HAO DELICACIES,22 SIN MING RD, 570022
WAN HAO KOPITIAM 217,217 BUKIT BATOK ST 21, 650217
WAN JIN COFFEESHOP,261 SERANGOON CENTRAL DR, 550261
WAN SHUN FOODCOURT,888 WOODLANDS DR 50, 730888
WANG COFFEESHOP,116 JALAN TENTERAM, 320116
WANG NANYANG,1002 TOA PAYOH IND PARK, 319074
WANGZAI HONGKONG CAFÉ,3024A UBI RD1, 408718
WET MARKET (475 TAMPINES),475 TAMPINES ST 44, 520475
WISENG FOOD PLACE,462 CRAWFORD LN, 190462
WONDERFUL,112 BUKIT PURMEI RD, 090112
WONG POH KOPITIAM,111A WHAMPOA RD, 322111
WONG POH KOPITIAM,3004 UBI AVE 3, 408860
WU FU,5 UPPER BOON KENG RD, 380005
WU FU (103),103 GANGSA RD, 670103
WU FU (406),406 TAMPINES ST 41, 520406
WU FU (445),445 FAJAR RD, 670445
WU FU (511),511 HOUGANG AVE 10, 530511
XIAN WEI GUO SHOULD BE SIN KEE HEONG,118 COMMONWEALTH CRES, 140118
XIANG XIANG VEGETARIAN FOOD & FRUIT,810 HOUGANG CENTRAL, 530810
XING LI FA,496 JURONG WEST ST 41, 640496
Y110 COFFEE STATION PTE LTD,110 YISHUN RING RD, 760110
YAK HONG COFFEE HOUSE,590 MONTREAL LINK, 750590
YAK HONG KOPITIAM,442 JURONG WEST AVE 1, 640442
YAT KEE EATING HOUSE,55 LENGKOK BAHRU, 151055
YEN FEI LAI EATING HOUSE,322 HOUGANG AVE 5, 530322
YEW TEE WET MARKET,622 CHOA CHU KANG ST 62, 680622
YI HE EATING HOUSE,638 VEERASAMY RD, 200638
YI HO EATING HOUSE,515 BEDOK NORTH AVE 2, 460515
YI JIA FOOD CENTRE,5036 ANG MO KIO IND PARK 2, 569539
YI JIA FOOD CENTRE (263),263 KRANJI RD, 739506
YI JIA FOOD CENTRE (533),533 CHOA CHU KANG ST 51, 680533
YI JIA FOOD COURT,532 CHOA CHU KANG ST 51, 680532
YI JIA FOOD HOUSE (109),109 BUKIT PURMEI RD, 090109
YI JIA FOOD HOUSE (982),982 BUANGKOK CRES, 530982
YIHUAT CAFE,681 HOUGANG AVE 8, 530681
YISHUN 675 COFFEESHOP,675 YISHUN AVE 4, 760675
YISHUN 81 FOODCOURT,925 YISHUN CENTRAL 1, 760925
YISHUN PARK HAWKER CENTRE,51 YISHUN AVE 11, 768867
YONG HUA CHA SHI,82 MACPERSON LN, 360082
YONG KANG EATING HOUSE,4 DEFU LANE 10, 539185
YONG LI,51 LORONG 6 TOA PAYOH, 310051
YONG LI (116),116 ALJUNIED AVE 2, 380116
YONG LI COFFEE STATION,136 BEDOK NORTH AVE 3, 460136
YONG LI COFFEE STATION,1A EUNOS CRES, 401001
YONG SOON INVESTMENTS PTE LTD,805 HOUGANG CENTRAL, 530805
YU XIANG,237 SERANGOON AVE 3, 550237
YUE HUA EATING HOUSE,118 DEPOT LANE, 109754
YUE HUA FOOD COURT,108 DEPOT RD, 100108
YUEN FUNG RESTAURANT,87 WHAMPOA DR, 320087
YUHUA HAWKER CENTRE,347 JURONG EAST AVE 1, 600347
YUHUA VILLAGE FOOD CENTRE,254 JURONG EAST ST 24, 600254
YUMMY FOOD LINK,111 WOODLANDS ST 13, 730111
YUNG SHENG FOOD COURT,399 YUNG SHENG RD, 610399
YUNG SHENG GROUP,54 TEBAN GARDEN, 600054
YUNG SHENG GROUP (61),61 TEBAN GARDENS RD, 600061
ZAI SHUN SHI GE,253 JURONG EAST ST 24, 600253
ZF 99 PTE LTD,795A YISHUN RING RD, 761795
ZHANG JIA SOON,116 ALJUNIED AVE 2, 380116
ZHI YUAN COFFEE,151A SERANGOON NORTH AVE 2, 551151
ZION RIVERSIDE FOOD CENTRE,70 ZION RD, 247792
